-- --------------------------------------------------------
-- SCRIPT PARA POPULAR BASE DE DADOS - ESCOLA ANGOLANA
-- Dados AcadĂȘmicos de Teste
-- --------------------------------------------------------

USE escola_angolana;

-- ========================================================
-- 1. ANOS LETIVOS E SEMESTRES
-- ========================================================

-- Ano Letivo 2024
INSERT INTO `tbl_academic_years` (`year_name`, `start_date`, `end_date`, `is_active`, `created_at`) VALUES
('2024', '2024-02-05', '2024-12-13', 1, NOW());

-- Guardar o ID do ano letivo
SET @academic_year_id = LAST_INSERT_ID();

-- Semestres/Trimestres para 2024 (Sistema Trimestral)
INSERT INTO `tbl_semesters` (`academic_year_id`, `semester_name`, `semester_type`, `start_date`, `end_date`, `is_current`, `status`, `created_at`) VALUES
(@academic_year_id, '1Âș Trimestre 2024', '1Âș Trimestre', '2024-02-05', '2024-04-26', 1, 'ativo', NOW()),
(@academic_year_id, '2Âș Trimestre 2024', '2Âș Trimestre', '2024-05-06', '2024-08-09', 0, 'ativo', NOW()),
(@academic_year_id, '3Âș Trimestre 2024', '3Âș Trimestre', '2024-08-19', '2024-12-13', 0, 'ativo', NOW());

SET @semester1_id = LAST_INSERT_ID();
SET @semester2_id = @semester1_id + 1;
SET @semester3_id = @semester1_id + 2;

-- ========================================================
-- 2. PROFESSORES (10 professores)
-- ========================================================

-- Inserir usuĂĄrios (professores)
INSERT INTO `tbl_users` (`username`, `email`, `password`, `first_name`, `last_name`, `phone`, `role_id`, `user_type`, `is_active`, `created_at`) VALUES
('prof.joao', 'joao.silva@escola.ao', '$2y$10$92IXUNpkjO0rOQ5byMi.Ye4oKoEa3Ro9llC/.og/at2.uheWG/igi', 'JoĂŁo', 'Silva', '+244 923 456 789', 4, 'teacher', 1, NOW()),
('prof.maria', 'maria.santos@escola.ao', '$2y$10$92IXUNpkjO0rOQ5byMi.Ye4oKoEa3Ro9llC/.og/at2.uheWG/igi', 'Maria', 'Santos', '+244 923 456 790', 4, 'teacher', 1, NOW()),
('prof.manuel', 'manuel.fernandes@escola.ao', '$2y$10$92IXUNpkjO0rOQ5byMi.Ye4oKoEa3Ro9llC/.og/at2.uheWG/igi', 'Manuel', 'Fernandes', '+244 923 456 791', 4, 'teacher', 1, NOW()),
('prof.ana', 'ana.martins@escola.ao', '$2y$10$92IXUNpkjO0rOQ5byMi.Ye4oKoEa3Ro9llC/.og/at2.uheWG/igi', 'Ana', 'Martins', '+244 923 456 792', 4, 'teacher', 1, NOW()),
('prof.pedro', 'pedro.costa@escola.ao', '$2y$10$92IXUNpkjO0rOQ5byMi.Ye4oKoEa3Ro9llC/.og/at2.uheWG/igi', 'Pedro', 'Costa', '+244 923 456 793', 4, 'teacher', 1, NOW()),
('prof.isabel', 'isabel.pereira@escola.ao', '$2y$10$92IXUNpkjO0rOQ5byMi.Ye4oKoEa3Ro9llC/.og/at2.uheWG/igi', 'Isabel', 'Pereira', '+244 923 456 794', 4, 'teacher', 1, NOW()),
('prof.carlos', 'carlos.rodrigues@escola.ao', '$2y$10$92IXUNpkjO0rOQ5byMi.Ye4oKoEa3Ro9llC/.og/at2.uheWG/igi', 'Carlos', 'Rodrigues', '+244 923 456 795', 4, 'teacher', 1, NOW()),
('prof.lucia', 'lucia.almeida@escola.ao', '$2y$10$92IXUNpkjO0rOQ5byMi.Ye4oKoEa3Ro9llC/.og/at2.uheWG/igi', 'LĂșcia', 'Almeida', '+244 923 456 796', 4, 'teacher', 1, NOW()),
('prof.antonio', 'antonio.mendes@escola.ao', '$2y$10$92IXUNpkjO0rOQ5byMi.Ye4oKoEa3Ro9llC/.og/at2.uheWG/igi', 'AntĂłnio', 'Mendes', '+244 923 456 797', 4, 'teacher', 1, NOW()),
('prof.fatima', 'fatima.nunes@escola.ao', '$2y$10$92IXUNpkjO0rOQ5byMi.Ye4oKoEa3Ro9llC/.og/at2.uheWG/igi', 'FĂĄtima', 'Nunes', '+244 923 456 798', 4, 'teacher', 1, NOW());

-- Guardar IDs dos professores (do Ășltimo insert)
SET @teacher1_id = LAST_INSERT_ID() - 9;
SET @teacher2_id = @teacher1_id + 1;
SET @teacher3_id = @teacher1_id + 2;
SET @teacher4_id = @teacher1_id + 3;
SET @teacher5_id = @teacher1_id + 4;
SET @teacher6_id = @teacher1_id + 5;
SET @teacher7_id = @teacher1_id + 6;
SET @teacher8_id = @teacher1_id + 7;
SET @teacher9_id = @teacher1_id + 8;
SET @teacher10_id = @teacher1_id + 9;

-- Inserir dados especĂ­ficos de professores
INSERT INTO `tbl_teachers` (`user_id`, `birth_date`, `gender`, `nationality`, `identity_document`, `qualifications`, `specialization`, `admission_date`, `is_active`) VALUES
(@teacher1_id, '1985-03-15', 'Masculino', 'Angolana', '006543210LA045', 'Licenciatura em MatemĂĄtica', 'MatemĂĄtica Pura', '2020-01-10', 1),
(@teacher2_id, '1990-07-22', 'Feminino', 'Angolana', '007654321LA056', 'Licenciatura em PortuguĂȘs', 'Literatura', '2021-02-15', 1),
(@teacher3_id, '1982-11-05', 'Masculino', 'Angolana', '005432109LA034', 'Licenciatura em FĂ­sica', 'FĂ­sica Geral', '2019-03-20', 1),
(@teacher4_id, '1988-09-18', 'Feminino', 'Angolana', '008765432LA067', 'Licenciatura em Biologia', 'Biologia Celular', '2020-05-10', 1),
(@teacher5_id, '1979-04-30', 'Masculino', 'Angolana', '004321098LA023', 'Licenciatura em HistĂłria', 'HistĂłria de Angola', '2018-08-15', 1),
(@teacher6_id, '1992-12-12', 'Feminino', 'Angolana', '009876543LA078', 'Licenciatura em Geografia', 'Geografia FĂ­sica', '2021-09-01', 1),
(@teacher7_id, '1984-06-25', 'Masculino', 'Angolana', '003210987LA012', 'Licenciatura em QuĂ­mica', 'QuĂ­mica OrgĂąnica', '2019-11-20', 1),
(@teacher8_id, '1991-08-08', 'Feminino', 'Angolana', '001234567LA089', 'Licenciatura em InglĂȘs', 'LĂ­ngua Inglesa', '2022-01-15', 1),
(@teacher9_id, '1987-02-14', 'Masculino', 'Angolana', '002345678LA090', 'Licenciatura em EducaĂ§ĂŁo FĂ­sica', 'Desporto Escolar', '2020-10-05', 1),
(@teacher10_id, '1989-10-20', 'Feminino', 'Angolana', '003456789LA101', 'Licenciatura em Filosofia', 'Ătica e Filosofia', '2021-07-12', 1);

-- ========================================================
-- 3. CURRĂCULO - INICIAĂĂO Ă 9ÂȘ CLASSE
-- ========================================================

-- Obter IDs dos nĂ­veis de ensino
SELECT id INTO @ini1_id FROM tbl_grade_levels WHERE level_code = 'INI-01';
SELECT id INTO @ini2_id FROM tbl_grade_levels WHERE level_code = 'INI-02';
SELECT id INTO @ini3_id FROM tbl_grade_levels WHERE level_code = 'INI-03';
SELECT id INTO @pri1_id FROM tbl_grade_levels WHERE level_code = 'PRI-01';
SELECT id INTO @pri2_id FROM tbl_grade_levels WHERE level_code = 'PRI-02';
SELECT id INTO @pri3_id FROM tbl_grade_levels WHERE level_code = 'PRI-03';
SELECT id INTO @pri4_id FROM tbl_grade_levels WHERE level_code = 'PRI-04';
SELECT id INTO @pri5_id FROM tbl_grade_levels WHERE level_code = 'PRI-05';
SELECT id INTO @pri6_id FROM tbl_grade_levels WHERE level_code = 'PRI-06';
SELECT id INTO @cic71_id FROM tbl_grade_levels WHERE level_code = '1CIC-07';
SELECT id INTO @cic81_id FROM tbl_grade_levels WHERE level_code = '1CIC-08';
SELECT id INTO @cic91_id FROM tbl_grade_levels WHERE level_code = '1CIC-09';

-- Obter IDs das disciplinas
SELECT id INTO @lp_id FROM tbl_disciplines WHERE discipline_code = 'LP';
SELECT id INTO @mat_id FROM tbl_disciplines WHERE discipline_code = 'MAT';
SELECT id INTO @cn_id FROM tbl_disciplines WHERE discipline_code = 'CN';
SELECT id INTO @his_id FROM tbl_disciplines WHERE discipline_code = 'HIS';
SELECT id INTO @geo_id FROM tbl_disciplines WHERE discipline_code = 'GEO';
SELECT id INTO @edf_id FROM tbl_disciplines WHERE discipline_code = 'EDF';
SELECT id INTO @emc_id FROM tbl_disciplines WHERE discipline_code = 'EMC';
SELECT id INTO @ing_id FROM tbl_disciplines WHERE discipline_code = 'ING';
SELECT id INTO @fra_id FROM tbl_disciplines WHERE discipline_code = 'FRA';
SELECT id INTO @emp_id FROM tbl_disciplines WHERE discipline_code = 'EMP';
SELECT id INTO @emu_id FROM tbl_disciplines WHERE discipline_code = 'EMU';
SELECT id INTO @fis_id FROM tbl_disciplines WHERE discipline_code = 'FIS';
SELECT id INTO @qui_id FROM tbl_disciplines WHERE discipline_code = 'QUI';
SELECT id INTO @bio_id FROM tbl_disciplines WHERE discipline_code = 'BIO';
SELECT id INTO @tic_id FROM tbl_disciplines WHERE discipline_code = 'TIC';
SELECT id INTO @ln_id FROM tbl_disciplines WHERE discipline_code = 'LN';

-- Associar disciplinas aos nĂ­veis de ensino
INSERT INTO `tbl_grade_disciplines` (`grade_level_id`, `discipline_id`, `workload_hours`, `is_mandatory`, `semester`) VALUES
-- INICIAĂĂO (1Âș, 2Âș, 3Âș Ano)
(@ini1_id, @lp_id, 80, 1, 'Anual'),
(@ini1_id, @mat_id, 80, 1, 'Anual'),
(@ini1_id, @cn_id, 60, 1, 'Anual'),
(@ini1_id, @emp_id, 40, 1, 'Anual'),
(@ini1_id, @edf_id, 40, 1, 'Anual'),
(@ini1_id, @emc_id, 30, 1, 'Anual'),

(@ini2_id, @lp_id, 100, 1, 'Anual'),
(@ini2_id, @mat_id, 100, 1, 'Anual'),
(@ini2_id, @cn_id, 70, 1, 'Anual'),
(@ini2_id, @emp_id, 50, 1, 'Anual'),
(@ini2_id, @edf_id, 50, 1, 'Anual'),
(@ini2_id, @emc_id, 40, 1, 'Anual'),

(@ini3_id, @lp_id, 120, 1, 'Anual'),
(@ini3_id, @mat_id, 120, 1, 'Anual'),
(@ini3_id, @cn_id, 80, 1, 'Anual'),
(@ini3_id, @emp_id, 60, 1, 'Anual'),
(@ini3_id, @edf_id, 60, 1, 'Anual'),
(@ini3_id, @emc_id, 50, 1, 'Anual'),

-- ENSINO PRIMĂRIO (1ÂȘ a 6ÂȘ Classe)
(@pri1_id, @lp_id, 150, 1, 'Anual'),
(@pri1_id, @mat_id, 150, 1, 'Anual'),
(@pri1_id, @cn_id, 90, 1, 'Anual'),
(@pri1_id, @his_id, 60, 1, 'Anual'),
(@pri1_id, @geo_id, 60, 1, 'Anual'),
(@pri1_id, @edf_id, 60, 1, 'Anual'),
(@pri1_id, @emp_id, 60, 1, 'Anual'),
(@pri1_id, @emc_id, 45, 1, 'Anual'),

(@pri2_id, @lp_id, 150, 1, 'Anual'),
(@pri2_id, @mat_id, 150, 1, 'Anual'),
(@pri2_id, @cn_id, 90, 1, 'Anual'),
(@pri2_id, @his_id, 60, 1, 'Anual'),
(@pri2_id, @geo_id, 60, 1, 'Anual'),
(@pri2_id, @edf_id, 60, 1, 'Anual'),
(@pri2_id, @emp_id, 60, 1, 'Anual'),
(@pri2_id, @emc_id, 45, 1, 'Anual'),

(@pri3_id, @lp_id, 150, 1, 'Anual'),
(@pri3_id, @mat_id, 150, 1, 'Anual'),
(@pri3_id, @cn_id, 90, 1, 'Anual'),
(@pri3_id, @his_id, 60, 1, 'Anual'),
(@pri3_id, @geo_id, 60, 1, 'Anual'),
(@pri3_id, @edf_id, 60, 1, 'Anual'),
(@pri3_id, @ing_id, 60, 1, 'Anual'),
(@pri3_id, @emp_id, 60, 1, 'Anual'),

(@pri4_id, @lp_id, 150, 1, 'Anual'),
(@pri4_id, @mat_id, 150, 1, 'Anual'),
(@pri4_id, @cn_id, 90, 1, 'Anual'),
(@pri4_id, @his_id, 60, 1, 'Anual'),
(@pri4_id, @geo_id, 60, 1, 'Anual'),
(@pri4_id, @edf_id, 60, 1, 'Anual'),
(@pri4_id, @ing_id, 60, 1, 'Anual'),
(@pri4_id, @emp_id, 60, 1, 'Anual'),

(@pri5_id, @lp_id, 150, 1, 'Anual'),
(@pri5_id, @mat_id, 150, 1, 'Anual'),
(@pri5_id, @cn_id, 90, 1, 'Anual'),
(@pri5_id, @his_id, 60, 1, 'Anual'),
(@pri5_id, @geo_id, 60, 1, 'Anual'),
(@pri5_id, @edf_id, 60, 1, 'Anual'),
(@pri5_id, @ing_id, 60, 1, 'Anual'),
(@pri5_id, @emp_id, 60, 1, 'Anual'),

(@pri6_id, @lp_id, 150, 1, 'Anual'),
(@pri6_id, @mat_id, 150, 1, 'Anual'),
(@pri6_id, @cn_id, 90, 1, 'Anual'),
(@pri6_id, @his_id, 60, 1, 'Anual'),
(@pri6_id, @geo_id, 60, 1, 'Anual'),
(@pri6_id, @edf_id, 60, 1, 'Anual'),
(@pri6_id, @ing_id, 60, 1, 'Anual'),
(@pri6_id, @fra_id, 60, 0, 'Anual'),

-- I CICLO (7ÂȘ a 9ÂȘ Classe)
(@cic71_id, @lp_id, 180, 1, 'Anual'),
(@cic71_id, @mat_id, 180, 1, 'Anual'),
(@cic71_id, @fis_id, 90, 1, 'Anual'),
(@cic71_id, @qui_id, 90, 1, 'Anual'),
(@cic71_id, @bio_id, 90, 1, 'Anual'),
(@cic71_id, @his_id, 90, 1, 'Anual'),
(@cic71_id, @geo_id, 90, 1, 'Anual'),
(@cic71_id, @edf_id, 60, 1, 'Anual'),
(@cic71_id, @ing_id, 90, 1, 'Anual'),
(@cic71_id, @fra_id, 90, 1, 'Anual'),
(@cic71_id, @emc_id, 45, 1, 'Anual'),
(@cic71_id, @tic_id, 60, 1, 'Anual'),
(@cic71_id, @ln_id, 60, 0, 'Anual'),

(@cic81_id, @lp_id, 180, 1, 'Anual'),
(@cic81_id, @mat_id, 180, 1, 'Anual'),
(@cic81_id, @fis_id, 90, 1, 'Anual'),
(@cic81_id, @qui_id, 90, 1, 'Anual'),
(@cic81_id, @bio_id, 90, 1, 'Anual'),
(@cic81_id, @his_id, 90, 1, 'Anual'),
(@cic81_id, @geo_id, 90, 1, 'Anual'),
(@cic81_id, @edf_id, 60, 1, 'Anual'),
(@cic81_id, @ing_id, 90, 1, 'Anual'),
(@cic81_id, @fra_id, 90, 1, 'Anual'),
(@cic81_id, @emc_id, 45, 1, 'Anual'),
(@cic81_id, @tic_id, 60, 1, 'Anual'),
(@cic81_id, @ln_id, 60, 0, 'Anual'),

(@cic91_id, @lp_id, 180, 1, 'Anual'),
(@cic91_id, @mat_id, 180, 1, 'Anual'),
(@cic91_id, @fis_id, 90, 1, 'Anual'),
(@cic91_id, @qui_id, 90, 1, 'Anual'),
(@cic91_id, @bio_id, 90, 1, 'Anual'),
(@cic91_id, @his_id, 90, 1, 'Anual'),
(@cic91_id, @geo_id, 90, 1, 'Anual'),
(@cic91_id, @edf_id, 60, 1, 'Anual'),
(@cic91_id, @ing_id, 90, 1, 'Anual'),
(@cic91_id, @fra_id, 90, 1, 'Anual'),
(@cic91_id, @emc_id, 45, 1, 'Anual'),
(@cic91_id, @tic_id, 60, 1, 'Anual'),
(@cic91_id, @ln_id, 60, 0, 'Anual');

-- 4. CURSOS DO II CICLO (10ÂȘ - 12ÂȘ) - DISCIPLINAS ESPECĂFICAS POR CURSO E NĂVEL
-- ========================================================

-- Obter IDs dos nĂ­veis do II ciclo
SELECT id INTO @cic101_id FROM tbl_grade_levels WHERE level_code = '2CIC-10';
SELECT id INTO @cic111_id FROM tbl_grade_levels WHERE level_code = '2CIC-11';
SELECT id INTO @cic121_id FROM tbl_grade_levels WHERE level_code = '2CIC-12';

-- Obter IDs das disciplinas
SELECT id INTO @lp_id FROM tbl_disciplines WHERE discipline_code = 'LP';
SELECT id INTO @mat_id FROM tbl_disciplines WHERE discipline_code = 'MAT';
SELECT id INTO @fis_id FROM tbl_disciplines WHERE discipline_code = 'FIS';
SELECT id INTO @qui_id FROM tbl_disciplines WHERE discipline_code = 'QUI';
SELECT id INTO @bio_id FROM tbl_disciplines WHERE discipline_code = 'BIO';
SELECT id INTO @his_id FROM tbl_disciplines WHERE discipline_code = 'HIS';
SELECT id INTO @geo_id FROM tbl_disciplines WHERE discipline_code = 'GEO';
SELECT id INTO @fil_id FROM tbl_disciplines WHERE discipline_code = 'FIL';
SELECT id INTO @ing_id FROM tbl_disciplines WHERE discipline_code = 'ING';
SELECT id INTO @fra_id FROM tbl_disciplines WHERE discipline_code = 'FRA';
SELECT id INTO @edf_id FROM tbl_disciplines WHERE discipline_code = 'EDF';
SELECT id INTO @tic_id FROM tbl_disciplines WHERE discipline_code = 'TIC';
SELECT id INTO @emc_id FROM tbl_disciplines WHERE discipline_code = 'EMC';
SELECT id INTO @soc_id FROM tbl_disciplines WHERE discipline_code = 'SOC';
SELECT id INTO @eco_id FROM tbl_disciplines WHERE discipline_code = 'ECO';
SELECT id INTO @cont_id FROM tbl_disciplines WHERE discipline_code = 'CONT';
SELECT id INTO @dir_id FROM tbl_disciplines WHERE discipline_code = 'NDI';
SELECT id INTO @est_id FROM tbl_disciplines WHERE discipline_code = 'EST';
SELECT id INTO @gfd_id FROM tbl_disciplines WHERE discipline_code = 'GF';
SELECT id INTO @geo_cfb_id FROM tbl_disciplines WHERE discipline_code = 'GEO-CFB';

-- 4.1 CURSO DE CIĂNCIAS FĂSICAS E BIOLĂGICAS (CFB)
SELECT id INTO @cfb_id FROM tbl_courses WHERE course_code = 'CFB' LIMIT 1;

INSERT INTO `tbl_course_disciplines` (`course_id`, `discipline_id`, `grade_level_id`, `workload_hours`, `is_mandatory`, `semester`) VALUES
-- 10ÂȘ Classe - CFB
(@cfb_id, @lp_id, @cic101_id, 120, 1, 'Anual'),
(@cfb_id, @mat_id, @cic101_id, 180, 1, 'Anual'),
(@cfb_id, @fis_id, @cic101_id, 150, 1, 'Anual'),
(@cfb_id, @qui_id, @cic101_id, 150, 1, 'Anual'),
(@cfb_id, @bio_id, @cic101_id, 150, 1, 'Anual'),
(@cfb_id, @geo_cfb_id, @cic101_id, 90, 1, 'Anual'),
(@cfb_id, @ing_id, @cic101_id, 90, 1, 'Anual'),
(@cfb_id, @edf_id, @cic101_id, 60, 1, 'Anual'),
(@cfb_id, @tic_id, @cic101_id, 60, 1, 'Anual'),
(@cfb_id, @emc_id, @cic101_id, 45, 1, 'Anual'),

-- 11ÂȘ Classe - CFB
(@cfb_id, @lp_id, @cic111_id, 120, 1, 'Anual'),
(@cfb_id, @mat_id, @cic111_id, 180, 1, 'Anual'),
(@cfb_id, @fis_id, @cic111_id, 150, 1, 'Anual'),
(@cfb_id, @qui_id, @cic111_id, 150, 1, 'Anual'),
(@cfb_id, @bio_id, @cic111_id, 150, 1, 'Anual'),
(@cfb_id, @geo_cfb_id, @cic111_id, 90, 1, 'Anual'),
(@cfb_id, @ing_id, @cic111_id, 90, 1, 'Anual'),
(@cfb_id, @edf_id, @cic111_id, 60, 1, 'Anual'),
(@cfb_id, @fil_id, @cic111_id, 60, 1, 'Anual'),

-- 12ÂȘ Classe - CFB
(@cfb_id, @lp_id, @cic121_id, 120, 1, 'Anual'),
(@cfb_id, @mat_id, @cic121_id, 180, 1, 'Anual'),
(@cfb_id, @fis_id, @cic121_id, 150, 1, 'Anual'),
(@cfb_id, @qui_id, @cic121_id, 150, 1, 'Anual'),
(@cfb_id, @bio_id, @cic121_id, 150, 1, 'Anual'),
(@cfb_id, @geo_cfb_id, @cic121_id, 90, 1, 'Anual'),
(@cfb_id, @ing_id, @cic121_id, 90, 1, 'Anual'),
(@cfb_id, @fil_id, @cic121_id, 60, 1, 'Anual');

-- 4.2 CURSO DE CIĂNCIAS ECONĂMICAS E JURĂDICAS (CEJ)
SELECT id INTO @cej_id FROM tbl_courses WHERE course_code = 'CEJ' LIMIT 1;

INSERT INTO `tbl_course_disciplines` (`course_id`, `discipline_id`, `grade_level_id`, `workload_hours`, `is_mandatory`, `semester`) VALUES
-- 10ÂȘ Classe - CEJ
(@cej_id, @lp_id, @cic101_id, 120, 1, 'Anual'),
(@cej_id, @mat_id, @cic101_id, 180, 1, 'Anual'),
(@cej_id, @his_id, @cic101_id, 90, 1, 'Anual'),
(@cej_id, @geo_id, @cic101_id, 90, 1, 'Anual'),
(@cej_id, @eco_id, @cic101_id, 120, 1, 'Anual'),
(@cej_id, @cont_id, @cic101_id, 120, 1, 'Anual'),
(@cej_id, @ing_id, @cic101_id, 90, 1, 'Anual'),
(@cej_id, @edf_id, @cic101_id, 60, 1, 'Anual'),
(@cej_id, @tic_id, @cic101_id, 60, 1, 'Anual'),
(@cej_id, @emc_id, @cic101_id, 45, 1, 'Anual'),

-- 11ÂȘ Classe - CEJ
(@cej_id, @lp_id, @cic111_id, 120, 1, 'Anual'),
(@cej_id, @mat_id, @cic111_id, 150, 1, 'Anual'),
(@cej_id, @his_id, @cic111_id, 90, 1, 'Anual'),
(@cej_id, @geo_id, @cic111_id, 90, 1, 'Anual'),
(@cej_id, @eco_id, @cic111_id, 120, 1, 'Anual'),
(@cej_id, @cont_id, @cic111_id, 120, 1, 'Anual'),
(@cej_id, @dir_id, @cic111_id, 90, 1, 'Anual'),
(@cej_id, @est_id, @cic111_id, 90, 1, 'Anual'),
(@cej_id, @ing_id, @cic111_id, 90, 1, 'Anual'),

-- 12ÂȘ Classe - CEJ
(@cej_id, @lp_id, @cic121_id, 120, 1, 'Anual'),
(@cej_id, @mat_id, @cic121_id, 150, 1, 'Anual'),
(@cej_id, @his_id, @cic121_id, 90, 1, 'Anual'),
(@cej_id, @geo_id, @cic121_id, 90, 1, 'Anual'),
(@cej_id, @eco_id, @cic121_id, 120, 1, 'Anual'),
(@cej_id, @gfd_id, @cic121_id, 90, 1, 'Anual'),
(@cej_id, @dir_id, @cic121_id, 90, 1, 'Anual'),
(@cej_id, @fil_id, @cic121_id, 60, 1, 'Anual');

-- 4.3 CURSO DE CIĂNCIAS HUMANAS (CH)
SELECT id INTO @ch_id FROM tbl_courses WHERE course_code = 'CH' LIMIT 1;

INSERT INTO `tbl_course_disciplines` (`course_id`, `discipline_id`, `grade_level_id`, `workload_hours`, `is_mandatory`, `semester`) VALUES
-- 10ÂȘ Classe - CH
(@ch_id, @lp_id, @cic101_id, 180, 1, 'Anual'),
(@ch_id, @mat_id, @cic101_id, 120, 1, 'Anual'),
(@ch_id, @his_id, @cic101_id, 150, 1, 'Anual'),
(@ch_id, @geo_id, @cic101_id, 150, 1, 'Anual'),
(@ch_id, @fil_id, @cic101_id, 90, 1, 'Anual'),
(@ch_id, @soc_id, @cic101_id, 90, 1, 'Anual'),
(@ch_id, @ing_id, @cic101_id, 90, 1, 'Anual'),
(@ch_id, @fra_id, @cic101_id, 90, 1, 'Anual'),
(@ch_id, @edf_id, @cic101_id, 60, 1, 'Anual'),
(@ch_id, @emc_id, @cic101_id, 45, 1, 'Anual'),

-- 11ÂȘ Classe - CH
(@ch_id, @lp_id, @cic111_id, 180, 1, 'Anual'),
(@ch_id, @mat_id, @cic111_id, 90, 1, 'Anual'),
(@ch_id, @his_id, @cic111_id, 150, 1, 'Anual'),
(@ch_id, @geo_id, @cic111_id, 150, 1, 'Anual'),
(@ch_id, @fil_id, @cic111_id, 90, 1, 'Anual'),
(@ch_id, @soc_id, @cic111_id, 90, 1, 'Anual'),
(@ch_id, @ing_id, @cic111_id, 90, 1, 'Anual'),
(@ch_id, @fra_id, @cic111_id, 90, 1, 'Anual'),
(@ch_id, @ln_id, @cic111_id, 60, 0, 'Anual'),

-- 12ÂȘ Classe - CH
(@ch_id, @lp_id, @cic121_id, 180, 1, 'Anual'),
(@ch_id, @his_id, @cic121_id, 150, 1, 'Anual'),
(@ch_id, @geo_id, @cic121_id, 150, 1, 'Anual'),
(@ch_id, @fil_id, @cic121_id, 90, 1, 'Anual'),
(@ch_id, @soc_id, @cic121_id, 90, 1, 'Anual'),
(@ch_id, @ing_id, @cic121_id, 90, 1, 'Anual'),
(@ch_id, @fra_id, @cic121_id, 90, 1, 'Anual');


-- ========================================================
-- 5. CRIAĂĂO DE TURMAS
-- ========================================================

-- 5.1 Turmas de IniciaĂ§ĂŁo
INSERT INTO `tbl_classes` (`class_name`, `class_code`, `grade_level_id`, `academic_year_id`, `class_shift`, `capacity`, `class_teacher_id`, `is_active`, `created_at`) VALUES
('IniciaĂ§ĂŁo 1A', 'INI-01A', @ini1_id, @academic_year_id, 'ManhĂŁ', 25, @teacher1_id, 1, NOW()),
('IniciaĂ§ĂŁo 1B', 'INI-01B', @ini1_id, @academic_year_id, 'Tarde', 25, @teacher2_id, 1, NOW()),
('IniciaĂ§ĂŁo 2A', 'INI-02A', @ini2_id, @academic_year_id, 'ManhĂŁ', 25, @teacher3_id, 1, NOW()),
('IniciaĂ§ĂŁo 2B', 'INI-02B', @ini2_id, @academic_year_id, 'Tarde', 25, @teacher4_id, 1, NOW()),
('IniciaĂ§ĂŁo 3A', 'INI-03A', @ini3_id, @academic_year_id, 'ManhĂŁ', 25, @teacher5_id, 1, NOW()),
('IniciaĂ§ĂŁo 3B', 'INI-03B', @ini3_id, @academic_year_id, 'Tarde', 25, @teacher6_id, 1, NOW());

-- 5.2 Turmas do Ensino PrimĂĄrio (1ÂȘ a 6ÂȘ)
INSERT INTO `tbl_classes` (`class_name`, `class_code`, `grade_level_id`, `academic_year_id`, `class_shift`, `capacity`, `class_teacher_id`, `is_active`, `created_at`) VALUES
('1ÂȘ Classe A', 'PRI-01A', @pri1_id, @academic_year_id, 'ManhĂŁ', 30, @teacher1_id, 1, NOW()),
('1ÂȘ Classe B', 'PRI-01B', @pri1_id, @academic_year_id, 'Tarde', 30, @teacher2_id, 1, NOW()),
('2ÂȘ Classe A', 'PRI-02A', @pri2_id, @academic_year_id, 'ManhĂŁ', 30, @teacher3_id, 1, NOW()),
('2ÂȘ Classe B', 'PRI-02B', @pri2_id, @academic_year_id, 'Tarde', 30, @teacher4_id, 1, NOW()),
('3ÂȘ Classe A', 'PRI-03A', @pri3_id, @academic_year_id, 'ManhĂŁ', 30, @teacher5_id, 1, NOW()),
('3ÂȘ Classe B', 'PRI-03B', @pri3_id, @academic_year_id, 'Tarde', 30, @teacher6_id, 1, NOW()),
('4ÂȘ Classe A', 'PRI-04A', @pri4_id, @academic_year_id, 'ManhĂŁ', 30, @teacher7_id, 1, NOW()),
('4ÂȘ Classe B', 'PRI-04B', @pri4_id, @academic_year_id, 'Tarde', 30, @teacher8_id, 1, NOW()),
('5ÂȘ Classe A', 'PRI-05A', @pri5_id, @academic_year_id, 'ManhĂŁ', 30, @teacher9_id, 1, NOW()),
('5ÂȘ Classe B', 'PRI-05B', @pri5_id, @academic_year_id, 'Tarde', 30, @teacher10_id, 1, NOW()),
('6ÂȘ Classe A', 'PRI-06A', @pri6_id, @academic_year_id, 'ManhĂŁ', 30, @teacher1_id, 1, NOW()),
('6ÂȘ Classe B', 'PRI-06B', @pri6_id, @academic_year_id, 'Tarde', 30, @teacher2_id, 1, NOW());

-- 5.3 Turmas do I Ciclo (7ÂȘ a 9ÂȘ)
INSERT INTO `tbl_classes` (`class_name`, `class_code`, `grade_level_id`, `academic_year_id`, `class_shift`, `capacity`, `class_teacher_id`, `is_active`, `created_at`) VALUES
('7ÂȘ Classe A', 'CIC-07A', @cic71_id, @academic_year_id, 'ManhĂŁ', 35, @teacher3_id, 1, NOW()),
('7ÂȘ Classe B', 'CIC-07B', @cic71_id, @academic_year_id, 'Tarde', 35, @teacher4_id, 1, NOW()),
('8ÂȘ Classe A', 'CIC-08A', @cic81_id, @academic_year_id, 'ManhĂŁ', 35, @teacher5_id, 1, NOW()),
('8ÂȘ Classe B', 'CIC-08B', @cic81_id, @academic_year_id, 'Tarde', 35, @teacher6_id, 1, NOW()),
('9ÂȘ Classe A', 'CIC-09A', @cic91_id, @academic_year_id, 'ManhĂŁ', 35, @teacher7_id, 1, NOW()),
('9ÂȘ Classe B', 'CIC-09B', @cic91_id, @academic_year_id, 'Tarde', 35, @teacher8_id, 1, NOW());

-- 5.4 Turmas do II Ciclo - Cursos (10ÂȘ a 12ÂȘ)
INSERT INTO `tbl_classes` (`class_name`, `class_code`, `grade_level_id`, `academic_year_id`, `course_id`, `class_shift`, `capacity`, `class_teacher_id`, `is_active`, `created_at`) VALUES
-- 10ÂȘ Classe
('10ÂȘ CFB A', 'CFB-10A', @cic101_id, @academic_year_id, @cfb_id, 'ManhĂŁ', 35, @teacher9_id, 1, NOW()),
('10ÂȘ CFB B', 'CFB-10B', @cic101_id, @academic_year_id, @cfb_id, 'Tarde', 35, @teacher10_id, 1, NOW()),
('10ÂȘ CEJ A', 'CEJ-10A', @cic101_id, @academic_year_id, @cej_id, 'ManhĂŁ', 35, @teacher1_id, 1, NOW()),
('10ÂȘ CEJ B', 'CEJ-10B', @cic101_id, @academic_year_id, @cej_id, 'Tarde', 35, @teacher2_id, 1, NOW()),
('10ÂȘ CH A', 'CH-10A', @cic101_id, @academic_year_id, @ch_id, 'ManhĂŁ', 35, @teacher3_id, 1, NOW()),
('10ÂȘ CH B', 'CH-10B', @cic101_id, @academic_year_id, @ch_id, 'Tarde', 35, @teacher4_id, 1, NOW()),

-- 11ÂȘ Classe
('11ÂȘ CFB A', 'CFB-11A', @cic111_id, @academic_year_id, @cfb_id, 'ManhĂŁ', 35, @teacher5_id, 1, NOW()),
('11ÂȘ CFB B', 'CFB-11B', @cic111_id, @academic_year_id, @cfb_id, 'Tarde', 35, @teacher6_id, 1, NOW()),
('11ÂȘ CEJ A', 'CEJ-11A', @cic111_id, @academic_year_id, @cej_id, 'ManhĂŁ', 35, @teacher7_id, 1, NOW()),
('11ÂȘ CEJ B', 'CEJ-11B', @cic111_id, @academic_year_id, @cej_id, 'Tarde', 35, @teacher8_id, 1, NOW()),
('11ÂȘ CH A', 'CH-11A', @cic111_id, @academic_year_id, @ch_id, 'ManhĂŁ', 35, @teacher9_id, 1, NOW()),
('11ÂȘ CH B', 'CH-11B', @cic111_id, @academic_year_id, @ch_id, 'Tarde', 35, @teacher10_id, 1, NOW()),

-- 12ÂȘ Classe
('12ÂȘ CFB A', 'CFB-12A', @cic121_id, @academic_year_id, @cfb_id, 'ManhĂŁ', 35, @teacher1_id, 1, NOW()),
('12ÂȘ CFB B', 'CFB-12B', @cic121_id, @academic_year_id, @cfb_id, 'Tarde', 35, @teacher2_id, 1, NOW()),
('12ÂȘ CEJ A', 'CEJ-12A', @cic121_id, @academic_year_id, @cej_id, 'ManhĂŁ', 35, @teacher3_id, 1, NOW()),
('12ÂȘ CEJ B', 'CEJ-12B', @cic121_id, @academic_year_id, @cej_id, 'Tarde', 35, @teacher4_id, 1, NOW()),
('12ÂȘ CH A', 'CH-12A', @cic121_id, @academic_year_id, @ch_id, 'ManhĂŁ', 35, @teacher5_id, 1, NOW()),
('12ÂȘ CH B', 'CH-12B', @cic121_id, @academic_year_id, @ch_id, 'Tarde', 35, @teacher6_id, 1, NOW());

-- ========================================================
-- 6. CRIAĂĂO DE ALUNOS (50 alunos)
-- ========================================================

-- Guardar IDs das turmas principais para distribuir alunos
SELECT id INTO @turma1 FROM tbl_classes WHERE class_code = 'INI-01A' LIMIT 1;
SELECT id INTO @turma2 FROM tbl_classes WHERE class_code = 'PRI-01A' LIMIT 1;
SELECT id INTO @turma3 FROM tbl_classes WHERE class_code = 'PRI-03A' LIMIT 1;
SELECT id INTO @turma4 FROM tbl_classes WHERE class_code = 'PRI-05A' LIMIT 1;
SELECT id INTO @turma5 FROM tbl_classes WHERE class_code = 'CIC-07A' LIMIT 1;
SELECT id INTO @turma6 FROM tbl_classes WHERE class_code = 'CIC-09A' LIMIT 1;
SELECT id INTO @turma7 FROM tbl_classes WHERE class_code = 'CFB-10A' LIMIT 1;
SELECT id INTO @turma8 FROM tbl_classes WHERE class_code = 'CEJ-10A' LIMIT 1;
SELECT id INTO @turma9 FROM tbl_classes WHERE class_code = 'CH-11A' LIMIT 1;
SELECT id INTO @turma10 FROM tbl_classes WHERE class_code = 'CFB-12A' LIMIT 1;

-- Inserir usuĂĄrios (alunos)
INSERT INTO `tbl_users` (`username`, `email`, `password`, `first_name`, `last_name`, `phone`, `role_id`, `user_type`, `is_active`, `created_at`) VALUES
('aluno001', 'joao.miguel@aluno.ao', '$2y$10$92IXUNpkjO0rOQ5byMi.Ye4oKoEa3Ro9llC/.og/at2.uheWG/igi', 'JoĂŁo', 'Miguel', '+244 923 456 101', 5, 'student', 1, NOW()),
('aluno002', 'maria.luisa@aluno.ao', '$2y$10$92IXUNpkjO0rOQ5byMi.Ye4oKoEa3Ro9llC/.og/at2.uheWG/igi', 'Maria', 'LuĂ­sa', '+244 923 456 102', 5, 'student', 1, NOW()),
('aluno003', 'pedro.antonio@aluno.ao', '$2y$10$92IXUNpkjO0rOQ5byMi.Ye4oKoEa3Ro9llC/.og/at2.uheWG/igi', 'Pedro', 'AntĂłnio', '+244 923 456 103', 5, 'student', 1, NOW()),
('aluno004', 'ana.clara@aluno.ao', '$2y$10$92IXUNpkjO0rOQ5byMi.Ye4oKoEa3Ro9llC/.og/at2.uheWG/igi', 'Ana', 'Clara', '+244 923 456 104', 5, 'student', 1, NOW()),
('aluno005', 'carlos.eduardo@aluno.ao', '$2y$10$92IXUNpkjO0rOQ5byMi.Ye4oKoEa3Ro9llC/.og/at2.uheWG/igi', 'Carlos', 'Eduardo', '+244 923 456 105', 5, 'student', 1, NOW()),
('aluno006', 'lucia.helena@aluno.ao', '$2y$10$92IXUNpkjO0rOQ5byMi.Ye4oKoEa3Ro9llC/.og/at2.uheWG/igi', 'LĂșcia', 'Helena', '+244 923 456 106', 5, 'student', 1, NOW()),
('aluno007', 'antonio.jose@aluno.ao', '$2y$10$92IXUNpkjO0rOQ5byMi.Ye4oKoEa3Ro9llC/.og/at2.uheWG/igi', 'AntĂłnio', 'JosĂ©', '+244 923 456 107', 5, 'student', 1, NOW()),
('aluno008', 'isabel.cristina@aluno.ao', '$2y$10$92IXUNpkjO0rOQ5byMi.Ye4oKoEa3Ro9llC/.og/at2.uheWG/igi', 'Isabel', 'Cristina', '+244 923 456 108', 5, 'student', 1, NOW()),
('aluno009', 'manuel.fernando@aluno.ao', '$2y$10$92IXUNpkjO0rOQ5byMi.Ye4oKoEa3Ro9llC/.og/at2.uheWG/igi', 'Manuel', 'Fernando', '+244 923 456 109', 5, 'student', 1, NOW()),
('aluno010', 'fatima.maria@aluno.ao', '$2y$10$92IXUNpkjO0rOQ5byMi.Ye4oKoEa3Ro9llC/.og/at2.uheWG/igi', 'FĂĄtima', 'Maria', '+244 923 456 110', 5, 'student', 1, NOW()),
('aluno011', 'jose.carlos@aluno.ao', '$2y$10$92IXUNpkjO0rOQ5byMi.Ye4oKoEa3Ro9llC/.og/at2.uheWG/igi', 'JosĂ©', 'Carlos', '+244 923 456 111', 5, 'student', 1, NOW()),
('aluno012', 'mariana.silva@aluno.ao', '$2y$10$92IXUNpkjO0rOQ5byMi.Ye4oKoEa3Ro9llC/.og/at2.uheWG/igi', 'Mariana', 'Silva', '+244 923 456 112', 5, 'student', 1, NOW()),
('aluno013', 'ricardo.manuel@aluno.ao', '$2y$10$92IXUNpkjO0rOQ5byMi.Ye4oKoEa3Ro9llC/.og/at2.uheWG/igi', 'Ricardo', 'Manuel', '+244 923 456 113', 5, 'student', 1, NOW()),
('aluno014', 'sofia.andrade@aluno.ao', '$2y$10$92IXUNpkjO0rOQ5byMi.Ye4oKoEa3Ro9llC/.og/at2.uheWG/igi', 'Sofia', 'Andrade', '+244 923 456 114', 5, 'student', 1, NOW()),
('aluno015', 'miguel.angelo@aluno.ao', '$2y$10$92IXUNpkjO0rOQ5byMi.Ye4oKoEa3Ro9llC/.og/at2.uheWG/igi', 'Miguel', 'Ăngelo', '+244 923 456 115', 5, 'student', 1, NOW()),
('aluno016', 'beatriz.lima@aluno.ao', '$2y$10$92IXUNpkjO0rOQ5byMi.Ye4oKoEa3Ro9llC/.og/at2.uheWG/igi', 'Beatriz', 'Lima', '+244 923 456 116', 5, 'student', 1, NOW()),
('aluno017', 'fernando.alberto@aluno.ao', '$2y$10$92IXUNpkjO0rOQ5byMi.Ye4oKoEa3Ro9llC/.og/at2.uheWG/igi', 'Fernando', 'Alberto', '+244 923 456 117', 5, 'student', 1, NOW()),
('aluno018', 'carla.simone@aluno.ao', '$2y$10$92IXUNpkjO0rOQ5byMi.Ye4oKoEa3Ro9llC/.og/at2.uheWG/igi', 'Carla', 'Simone', '+244 923 456 118', 5, 'student', 1, NOW()),
('aluno019', 'paulo.jorge@aluno.ao', '$2y$10$92IXUNpkjO0rOQ5byMi.Ye4oKoEa3Ro9llC/.og/at2.uheWG/igi', 'Paulo', 'Jorge', '+244 923 456 119', 5, 'student', 1, NOW()),
('aluno020', 'rita.mendes@aluno.ao', '$2y$10$92IXUNpkjO0rOQ5byMi.Ye4oKoEa3Ro9llC/.og/at2.uheWG/igi', 'Rita', 'Mendes', '+244 923 456 120', 5, 'student', 1, NOW()),
('aluno021', 'andre.luis@aluno.ao', '$2y$10$92IXUNpkjO0rOQ5byMi.Ye4oKoEa3Ro9llC/.og/at2.uheWG/igi', 'AndrĂ©', 'LuĂ­s', '+244 923 456 121', 5, 'student', 1, NOW()),
('aluno022', 'diana.patricia@aluno.ao', '$2y$10$92IXUNpkjO0rOQ5byMi.Ye4oKoEa3Ro9llC/.og/at2.uheWG/igi', 'Diana', 'PatrĂ­cia', '+244 923 456 122', 5, 'student', 1, NOW()),
('aluno023', 'hugo.miguel@aluno.ao', '$2y$10$92IXUNpkjO0rOQ5byMi.Ye4oKoEa3Ro9llC/.og/at2.uheWG/igi', 'Hugo', 'Miguel', '+244 923 456 123', 5, 'student', 1, NOW()),
('aluno024', 'ines.martins@aluno.ao', '$2y$10$92IXUNpkjO0rOQ5byMi.Ye4oKoEa3Ro9llC/.og/at2.uheWG/igi', 'InĂȘs', 'Martins', '+244 923 456 124', 5, 'student', 1, NOW()),
('aluno025', 'tiago.oliveira@aluno.ao', '$2y$10$92IXUNpkjO0rOQ5byMi.Ye4oKoEa3Ro9llC/.og/at2.uheWG/igi', 'Tiago', 'Oliveira', '+244 923 456 125', 5, 'student', 1, NOW()),
('aluno026', 'vanessa.santos@aluno.ao', '$2y$10$92IXUNpkjO0rOQ5byMi.Ye4oKoEa3Ro9llC/.og/at2.uheWG/igi', 'Vanessa', 'Santos', '+244 923 456 126', 5, 'student', 1, NOW()),
('aluno027', 'daniel.fernandes@aluno.ao', '$2y$10$92IXUNpkjO0rOQ5byMi.Ye4oKoEa3Ro9llC/.og/at2.uheWG/igi', 'Daniel', 'Fernandes', '+244 923 456 127', 5, 'student', 1, NOW()),
('aluno028', 'joana.paula@aluno.ao', '$2y$10$92IXUNpkjO0rOQ5byMi.Ye4oKoEa3Ro9llC/.og/at2.uheWG/igi', 'Joana', 'Paula', '+244 923 456 128', 5, 'student', 1, NOW()),
('aluno029', 'rui.pedro@aluno.ao', '$2y$10$92IXUNpkjO0rOQ5byMi.Ye4oKoEa3Ro9llC/.og/at2.uheWG/igi', 'Rui', 'Pedro', '+244 923 456 129', 5, 'student', 1, NOW()),
('aluno030', 'elisa.rosa@aluno.ao', '$2y$10$92IXUNpkjO0rOQ5byMi.Ye4oKoEa3Ro9llC/.og/at2.uheWG/igi', 'Elisa', 'Rosa', '+244 923 456 130', 5, 'student', 1, NOW()),
('aluno031', 'nuno.miguel@aluno.ao', '$2y$10$92IXUNpkjO0rOQ5byMi.Ye4oKoEa3Ro9llC/.og/at2.uheWG/igi', 'Nuno', 'Miguel', '+244 923 456 131', 5, 'student', 1, NOW()),
('aluno032', 'tereza.jesus@aluno.ao', '$2y$10$92IXUNpkjO0rOQ5byMi.Ye4oKoEa3Ro9llC/.og/at2.uheWG/igi', 'Tereza', 'Jesus', '+244 923 456 132', 5, 'student', 1, NOW()),
('aluno033', 'simao.pedro@aluno.ao', '$2y$10$92IXUNpkjO0rOQ5byMi.Ye4oKoEa3Ro9llC/.og/at2.uheWG/igi', 'SimĂŁo', 'Pedro', '+244 923 456 133', 5, 'student', 1, NOW()),
('aluno034', 'lurdes.catarina@aluno.ao', '$2y$10$92IXUNpkjO0rOQ5byMi.Ye4oKoEa3Ro9llC/.og/at2.uheWG/igi', 'Lurdes', 'Catarina', '+244 923 456 134', 5, 'student', 1, NOW()),
('aluno035', 'goncalo.rafael@aluno.ao', '$2y$10$92IXUNpkjO0rOQ5byMi.Ye4oKoEa3Ro9llC/.og/at2.uheWG/igi', 'GonĂ§alo', 'Rafael', '+244 923 456 135', 5, 'student', 1, NOW()),
('aluno036', 'cristina.rita@aluno.ao', '$2y$10$92IXUNpkjO0rOQ5byMi.Ye4oKoEa3Ro9llC/.og/at2.uheWG/igi', 'Cristina', 'Rita', '+244 923 456 136', 5, 'student', 1, NOW()),
('aluno037', 'filipe.andre@aluno.ao', '$2y$10$92IXUNpkjO0rOQ5byMi.Ye4oKoEa3Ro9llC/.og/at2.uheWG/igi', 'Filipe', 'AndrĂ©', '+244 923 456 137', 5, 'student', 1, NOW()),
('aluno038', 'margarida.cruz@aluno.ao', '$2y$10$92IXUNpkjO0rOQ5byMi.Ye4oKoEa3Ro9llC/.og/at2.uheWG/igi', 'Margarida', 'Cruz', '+244 923 456 138', 5, 'student', 1, NOW()),
('aluno039', 'bruno.cezar@aluno.ao', '$2y$10$92IXUNpkjO0rOQ5byMi.Ye4oKoEa3Ro9llC/.og/at2.uheWG/igi', 'Bruno', 'Cezar', '+244 923 456 139', 5, 'student', 1, NOW()),
('aluno040', 'sara.luisa@aluno.ao', '$2y$10$92IXUNpkjO0rOQ5byMi.Ye4oKoEa3Ro9llC/.og/at2.uheWG/igi', 'Sara', 'LuĂ­sa', '+244 923 456 140', 5, 'student', 1, NOW()),
('aluno041', 'eduardo.mario@aluno.ao', '$2y$10$92IXUNpkjO0rOQ5byMi.Ye4oKoEa3Ro9llC/.og/at2.uheWG/igi', 'Eduardo', 'MĂĄrio', '+244 923 456 141', 5, 'student', 1, NOW()),
('aluno042', 'leonor.alice@aluno.ao', '$2y$10$92IXUNpkjO0rOQ5byMi.Ye4oKoEa3Ro9llC/.og/at2.uheWG/igi', 'Leonor', 'Alice', '+244 923 456 142', 5, 'student', 1, NOW()),
('aluno043', 'vasco.miguel@aluno.ao', '$2y$10$92IXUNpkjO0rOQ5byMi.Ye4oKoEa3Ro9llC/.og/at2.uheWG/igi', 'Vasco', 'Miguel', '+244 923 456 143', 5, 'student', 1, NOW()),
('aluno044', 'patricia.silva@aluno.ao', '$2y$10$92IXUNpkjO0rOQ5byMi.Ye4oKoEa3Ro9llC/.og/at2.uheWG/igi', 'PatrĂ­cia', 'Silva', '+244 923 456 144', 5, 'student', 1, NOW()),
('aluno045', 'henrique.jose@aluno.ao', '$2y$10$92IXUNpkjO0rOQ5byMi.Ye4oKoEa3Ro9llC/.og/at2.uheWG/igi', 'Henrique', 'JosĂ©', '+244 923 456 145', 5, 'student', 1, NOW()),
('aluno046', 'marta.sofia@aluno.ao', '$2y$10$92IXUNpkjO0rOQ5byMi.Ye4oKoEa3Ro9llC/.og/at2.uheWG/igi', 'Marta', 'Sofia', '+244 923 456 146', 5, 'student', 1, NOW()),
('aluno047', 'rafael.paulo@aluno.ao', '$2y$10$92IXUNpkjO0rOQ5byMi.Ye4oKoEa3Ro9llC/.og/at2.uheWG/igi', 'Rafael', 'Paulo', '+244 923 456 147', 5, 'student', 1, NOW()),
('aluno048', 'claudia.ines@aluno.ao', '$2y$10$92IXUNpkjO0rOQ5byMi.Ye4oKoEa3Ro9llC/.og/at2.uheWG/igi', 'ClĂĄudia', 'InĂȘs', '+244 923 456 148', 5, 'student', 1, NOW()),
('aluno049', 'diogo.nuno@aluno.ao', '$2y$10$92IXUNpkjO0rOQ5byMi.Ye4oKoEa3Ro9llC/.og/at2.uheWG/igi', 'Diogo', 'Nuno', '+244 923 456 149', 5, 'student', 1, NOW()),
('aluno050', 'veronica.luz@aluno.ao', '$2y$10$92IXUNpkjO0rOQ5byMi.Ye4oKoEa3Ro9llC/.og/at2.uheWG/igi', 'VerĂłnica', 'Luz', '+244 923 456 150', 5, 'student', 1, NOW());

-- Guardar ID do primeiro aluno
SET @first_aluno_user_id = LAST_INSERT_ID() - 49;

-- Inserir dados especĂ­ficos de alunos
INSERT INTO `tbl_students` (`user_id`, `student_number`, `birth_date`, `gender`, `nationality`, `identity_document`, `address`, `city`, `province`, `phone`, `is_active`) VALUES
(@first_aluno_user_id, 'AL2024001', '2016-05-10', 'Masculino', 'Angolana', '012345678LA001', 'Rua A, 123', 'Luanda', 'Luanda', '+244 923 456 101', 1),
(@first_aluno_user_id + 1, 'AL2024002', '2016-08-15', 'Feminino', 'Angolana', '012345678LA002', 'Rua B, 456', 'Luanda', 'Luanda', '+244 923 456 102', 1),
(@first_aluno_user_id + 2, 'AL2024003', '2015-03-22', 'Masculino', 'Angolana', '012345678LA003', 'Rua C, 789', 'Luanda', 'Luanda', '+244 923 456 103', 1),
(@first_aluno_user_id + 3, 'AL2024004', '2015-11-30', 'Feminino', 'Angolana', '012345678LA004', 'Rua D, 321', 'Luanda', 'Luanda', '+244 923 456 104', 1),
(@first_aluno_user_id + 4, 'AL2024005', '2014-07-18', 'Masculino', 'Angolana', '012345678LA005', 'Rua E, 654', 'Luanda', 'Luanda', '+244 923 456 105', 1),
(@first_aluno_user_id + 5, 'AL2024006', '2014-09-25', 'Feminino', 'Angolana', '012345678LA006', 'Rua F, 987', 'Luanda', 'Luanda', '+244 923 456 106', 1),
(@first_aluno_user_id + 6, 'AL2024007', '2013-02-14', 'Masculino', 'Angolana', '012345678LA007', 'Rua G, 147', 'Luanda', 'Luanda', '+244 923 456 107', 1),
(@first_aluno_user_id + 7, 'AL2024008', '2013-12-03', 'Feminino', 'Angolana', '012345678LA008', 'Rua H, 258', 'Luanda', 'Luanda', '+244 923 456 108', 1),
(@first_aluno_user_id + 8, 'AL2024009', '2012-06-21', 'Masculino', 'Angolana', '012345678LA009', 'Rua I, 369', 'Luanda', 'Luanda', '+244 923 456 109', 1),
(@first_aluno_user_id + 9, 'AL2024010', '2012-10-08', 'Feminino', 'Angolana', '012345678LA010', 'Rua J, 741', 'Luanda', 'Luanda', '+244 923 456 110', 1),
(@first_aluno_user_id + 10, 'AL2024011', '2011-04-17', 'Masculino', 'Angolana', '012345678LA011', 'Rua K, 852', 'Luanda', 'Luanda', '+244 923 456 111', 1),
(@first_aluno_user_id + 11, 'AL2024012', '2011-08-29', 'Feminino', 'Angolana', '012345678LA012', 'Rua L, 963', 'Luanda', 'Luanda', '+244 923 456 112', 1),
(@first_aluno_user_id + 12, 'AL2024013', '2010-01-12', 'Masculino', 'Angolana', '012345678LA013', 'Rua M, 159', 'Luanda', 'Luanda', '+244 923 456 113', 1),
(@first_aluno_user_id + 13, 'AL2024014', '2010-05-27', 'Feminino', 'Angolana', '012345678LA014', 'Rua N, 753', 'Luanda', 'Luanda', '+244 923 456 114', 1),
(@first_aluno_user_id + 14, 'AL2024015', '2009-09-09', 'Masculino', 'Angolana', '012345678LA015', 'Rua O, 951', 'Luanda', 'Luanda', '+244 923 456 115', 1),
(@first_aluno_user_id + 15, 'AL2024016', '2009-11-19', 'Feminino', 'Angolana', '012345678LA016', 'Rua P, 357', 'Luanda', 'Luanda', '+244 923 456 116', 1),
(@first_aluno_user_id + 16, 'AL2024017', '2008-03-03', 'Masculino', 'Angolana', '012345678LA017', 'Rua Q, 159', 'Luanda', 'Luanda', '+244 923 456 117', 1),
(@first_aluno_user_id + 17, 'AL2024018', '2008-07-22', 'Feminino', 'Angolana', '012345678LA018', 'Rua R, 753', 'Luanda', 'Luanda', '+244 923 456 118', 1),
(@first_aluno_user_id + 18, 'AL2024019', '2007-12-11', 'Masculino', 'Angolana', '012345678LA019', 'Rua S, 951', 'Luanda', 'Luanda', '+244 923 456 119', 1),
(@first_aluno_user_id + 19, 'AL2024020', '2007-04-30', 'Feminino', 'Angolana', '012345678LA020', 'Rua T, 357', 'Luanda', 'Luanda', '+244 923 456 120', 1),
(@first_aluno_user_id + 20, 'AL2024021', '2006-08-14', 'Masculino', 'Angolana', '012345678LA021', 'Rua U, 159', 'Luanda', 'Luanda', '+244 923 456 121', 1),
(@first_aluno_user_id + 21, 'AL2024022', '2006-10-05', 'Feminino', 'Angolana', '012345678LA022', 'Rua V, 753', 'Luanda', 'Luanda', '+244 923 456 122', 1),
(@first_aluno_user_id + 22, 'AL2024023', '2005-02-18', 'Masculino', 'Angolana', '012345678LA023', 'Rua W, 951', 'Luanda', 'Luanda', '+244 923 456 123', 1),
(@first_aluno_user_id + 23, 'AL2024024', '2005-06-29', 'Feminino', 'Angolana', '012345678LA024', 'Rua X, 357', 'Luanda', 'Luanda', '+244 923 456 124', 1),
(@first_aluno_user_id + 24, 'AL2024025', '2004-09-12', 'Masculino', 'Angolana', '012345678LA025', 'Rua Y, 159', 'Luanda', 'Luanda', '+244 923 456 125', 1),
(@first_aluno_user_id + 25, 'AL2024026', '2004-12-20', 'Feminino', 'Angolana', '012345678LA026', 'Rua Z, 753', 'Luanda', 'Luanda', '+244 923 456 126', 1),
(@first_aluno_user_id + 26, 'AL2024027', '2003-03-07', 'Masculino', 'Angolana', '012345678LA027', 'Av. 1, 123', 'Luanda', 'Luanda', '+244 923 456 127', 1),
(@first_aluno_user_id + 27, 'AL2024028', '2003-07-15', 'Feminino', 'Angolana', '012345678LA028', 'Av. 2, 456', 'Luanda', 'Luanda', '+244 923 456 128', 1),
(@first_aluno_user_id + 28, 'AL2024029', '2002-11-23', 'Masculino', 'Angolana', '012345678LA029', 'Av. 3, 789', 'Luanda', 'Luanda', '+244 923 456 129', 1),
(@first_aluno_user_id + 29, 'AL2024030', '2002-05-01', 'Feminino', 'Angolana', '012345678LA030', 'Av. 4, 321', 'Luanda', 'Luanda', '+244 923 456 130', 1),
(@first_aluno_user_id + 30, 'AL2024031', '2001-08-09', 'Masculino', 'Angolana', '012345678LA031', 'Av. 5, 654', 'Luanda', 'Luanda', '+244 923 456 131', 1),
(@first_aluno_user_id + 31, 'AL2024032', '2001-10-17', 'Feminino', 'Angolana', '012345678LA032', 'Av. 6, 987', 'Luanda', 'Luanda', '+244 923 456 132', 1),
(@first_aluno_user_id + 32, 'AL2024033', '2000-12-25', 'Masculino', 'Angolana', '012345678LA033', 'Av. 7, 147', 'Luanda', 'Luanda', '+244 923 456 133', 1),
(@first_aluno_user_id + 33, 'AL2024034', '2000-04-02', 'Feminino', 'Angolana', '012345678LA034', 'Av. 8, 258', 'Luanda', 'Luanda', '+244 923 456 134', 1),
(@first_aluno_user_id + 34, 'AL2024035', '1999-07-11', 'Masculino', 'Angolana', '012345678LA035', 'Av. 9, 369', 'Luanda', 'Luanda', '+244 923 456 135', 1),
(@first_aluno_user_id + 35, 'AL2024036', '1999-09-19', 'Feminino', 'Angolana', '012345678LA036', 'Av. 10, 741', 'Luanda', 'Luanda', '+244 923 456 136', 1),
(@first_aluno_user_id + 36, 'AL2024037', '1998-01-28', 'Masculino', 'Angolana', '012345678LA037', 'Av. 11, 852', 'Luanda', 'Luanda', '+244 923 456 137', 1),
(@first_aluno_user_id + 37, 'AL2024038', '1998-06-06', 'Feminino', 'Angolana', '012345678LA038', 'Av. 12, 963', 'Luanda', 'Luanda', '+244 923 456 138', 1),
(@first_aluno_user_id + 38, 'AL2024039', '1997-10-14', 'Masculino', 'Angolana', '012345678LA039', 'Av. 13, 159', 'Luanda', 'Luanda', '+244 923 456 139', 1),
(@first_aluno_user_id + 39, 'AL2024040', '1997-12-22', 'Feminino', 'Angolana', '012345678LA040', 'Av. 14, 753', 'Luanda', 'Luanda', '+244 923 456 140', 1),
(@first_aluno_user_id + 40, 'AL2024041', '1996-03-30', 'Masculino', 'Angolana', '012345678LA041', 'Av. 15, 951', 'Luanda', 'Luanda', '+244 923 456 141', 1),
(@first_aluno_user_id + 41, 'AL2024042', '1996-07-08', 'Feminino', 'Angolana', '012345678LA042', 'Av. 16, 357', 'Luanda', 'Luanda', '+244 923 456 142', 1),
(@first_aluno_user_id + 42, 'AL2024043', '1995-11-16', 'Masculino', 'Angolana', '012345678LA043', 'Av. 17, 159', 'Luanda', 'Luanda', '+244 923 456 143', 1),
(@first_aluno_user_id + 43, 'AL2024044', '1995-01-24', 'Feminino', 'Angolana', '012345678LA044', 'Av. 18, 753', 'Luanda', 'Luanda', '+244 923 456 144', 1),
(@first_aluno_user_id + 44, 'AL2024045', '1994-05-03', 'Masculino', 'Angolana', '012345678LA045', 'Av. 19, 951', 'Luanda', 'Luanda', '+244 923 456 145', 1),
(@first_aluno_user_id + 45, 'AL2024046', '1994-09-11', 'Feminino', 'Angolana', '012345678LA046', 'Av. 20, 357', 'Luanda', 'Luanda', '+244 923 456 146', 1),
(@first_aluno_user_id + 46, 'AL2024047', '1993-12-19', 'Masculino', 'Angolana', '012345678LA047', 'Rua 21, 123', 'Luanda', 'Luanda', '+244 923 456 147', 1),
(@first_aluno_user_id + 47, 'AL2024048', '1993-02-27', 'Feminino', 'Angolana', '012345678LA048', 'Rua 22, 456', 'Luanda', 'Luanda', '+244 923 456 148', 1),
(@first_aluno_user_id + 48, 'AL2024049', '1992-06-07', 'Masculino', 'Angolana', '012345678LA049', 'Rua 23, 789', 'Luanda', 'Luanda', '+244 923 456 149', 1),
(@first_aluno_user_id + 49, 'AL2024050', '1992-10-15', 'Feminino', 'Angolana', '012345678LA050', 'Rua 24, 321', 'Luanda', 'Luanda', '+244 923 456 150', 1);

-- Guardar IDs dos alunos (tbl_students)
SELECT id INTO @student1_id FROM tbl_students WHERE student_number = 'AL2024001' LIMIT 1;

-- ========================================================
-- 7. MATRĂCULAS
-- ========================================================

-- Distribuir alunos pelas turmas (5 alunos por turma nas turmas selecionadas)
INSERT INTO `tbl_enrollments` (`student_id`, `class_id`, `academic_year_id`, `enrollment_date`, `enrollment_number`, `enrollment_type`, `grade_level_id`, `status`, `created_at`) VALUES
-- Turma INI-01A (5 alunos)
(@student1_id, @turma1, @academic_year_id, '2024-02-01', 'MAT20240001', 'Nova', @ini1_id, 'Ativo', NOW()),
(@student1_id + 1, @turma1, @academic_year_id, '2024-02-01', 'MAT20240002', 'Nova', @ini1_id, 'Ativo', NOW()),
(@student1_id + 2, @turma1, @academic_year_id, '2024-02-01', 'MAT20240003', 'Nova', @ini1_id, 'Ativo', NOW()),
(@student1_id + 3, @turma1, @academic_year_id, '2024-02-01', 'MAT20240004', 'Nova', @ini1_id, 'Ativo', NOW()),
(@student1_id + 4, @turma1, @academic_year_id, '2024-02-01', 'MAT20240005', 'Nova', @ini1_id, 'Ativo', NOW()),

-- Turma PRI-01A (5 alunos)
(@student1_id + 5, @turma2, @academic_year_id, '2024-02-01', 'MAT20240006', 'Nova', @pri1_id, 'Ativo', NOW()),
(@student1_id + 6, @turma2, @academic_year_id, '2024-02-01', 'MAT20240007', 'Nova', @pri1_id, 'Ativo', NOW()),
(@student1_id + 7, @turma2, @academic_year_id, '2024-02-01', 'MAT20240008', 'Nova', @pri1_id, 'Ativo', NOW()),
(@student1_id + 8, @turma2, @academic_year_id, '2024-02-01', 'MAT20240009', 'Nova', @pri1_id, 'Ativo', NOW()),
(@student1_id + 9, @turma2, @academic_year_id, '2024-02-01', 'MAT20240010', 'Nova', @pri1_id, 'Ativo', NOW()),

-- Turma PRI-03A (5 alunos)
(@student1_id + 10, @turma3, @academic_year_id, '2024-02-01', 'MAT20240011', 'Nova', @pri3_id, 'Ativo', NOW()),
(@student1_id + 11, @turma3, @academic_year_id, '2024-02-01', 'MAT20240012', 'Nova', @pri3_id, 'Ativo', NOW()),
(@student1_id + 12, @turma3, @academic_year_id, '2024-02-01', 'MAT20240013', 'Nova', @pri3_id, 'Ativo', NOW()),
(@student1_id + 13, @turma3, @academic_year_id, '2024-02-01', 'MAT20240014', 'Nova', @pri3_id, 'Ativo', NOW()),
(@student1_id + 14, @turma3, @academic_year_id, '2024-02-01', 'MAT20240015', 'Nova', @pri3_id, 'Ativo', NOW()),

-- Turma PRI-05A (5 alunos)
(@student1_id + 15, @turma4, @academic_year_id, '2024-02-01', 'MAT20240016', 'Nova', @pri5_id, 'Ativo', NOW()),
(@student1_id + 16, @turma4, @academic_year_id, '2024-02-01', 'MAT20240017', 'Nova', @pri5_id, 'Ativo', NOW()),
(@student1_id + 17, @turma4, @academic_year_id, '2024-02-01', 'MAT20240018', 'Nova', @pri5_id, 'Ativo', NOW()),
(@student1_id + 18, @turma4, @academic_year_id, '2024-02-01', 'MAT20240019', 'Nova', @pri5_id, 'Ativo', NOW()),
(@student1_id + 19, @turma4, @academic_year_id, '2024-02-01', 'MAT20240020', 'Nova', @pri5_id, 'Ativo', NOW()),

-- Turma CIC-07A (5 alunos)
(@student1_id + 20, @turma5, @academic_year_id, '2024-02-01', 'MAT20240021', 'Nova', @cic71_id, 'Ativo', NOW()),
(@student1_id + 21, @turma5, @academic_year_id, '2024-02-01', 'MAT20240022', 'Nova', @cic71_id, 'Ativo', NOW()),
(@student1_id + 22, @turma5, @academic_year_id, '2024-02-01', 'MAT20240023', 'Nova', @cic71_id, 'Ativo', NOW()),
(@student1_id + 23, @turma5, @academic_year_id, '2024-02-01', 'MAT20240024', 'Nova', @cic71_id, 'Ativo', NOW()),
(@student1_id + 24, @turma5, @academic_year_id, '2024-02-01', 'MAT20240025', 'Nova', @cic71_id, 'Ativo', NOW()),

-- Turma CIC-09A (5 alunos)
(@student1_id + 25, @turma6, @academic_year_id, '2024-02-01', 'MAT20240026', 'Nova', @cic91_id, 'Ativo', NOW()),
(@student1_id + 26, @turma6, @academic_year_id, '2024-02-01', 'MAT20240027', 'Nova', @cic91_id, 'Ativo', NOW()),
(@student1_id + 27, @turma6, @academic_year_id, '2024-02-01', 'MAT20240028', 'Nova', @cic91_id, 'Ativo', NOW()),
(@student1_id + 28, @turma6, @academic_year_id, '2024-02-01', 'MAT20240029', 'Nova', @cic91_id, 'Ativo', NOW()),
(@student1_id + 29, @turma6, @academic_year_id, '2024-02-01', 'MAT20240030', 'Nova', @cic91_id, 'Ativo', NOW()),

-- Turma CFB-10A (5 alunos)
(@student1_id + 30, @turma7, @academic_year_id, '2024-02-01', 'MAT20240031', 'Nova', @cic101_id, 'Ativo', NOW()),
(@student1_id + 31, @turma7, @academic_year_id, '2024-02-01', 'MAT20240032', 'Nova', @cic101_id, 'Ativo', NOW()),
(@student1_id + 32, @turma7, @academic_year_id, '2024-02-01', 'MAT20240033', 'Nova', @cic101_id, 'Ativo', NOW()),
(@student1_id + 33, @turma7, @academic_year_id, '2024-02-01', 'MAT20240034', 'Nova', @cic101_id, 'Ativo', NOW()),
(@student1_id + 34, @turma7, @academic_year_id, '2024-02-01', 'MAT20240035', 'Nova', @cic101_id, 'Ativo', NOW()),

-- Turma CEJ-10A (5 alunos)
(@student1_id + 35, @turma8, @academic_year_id, '2024-02-01', 'MAT20240036', 'Nova', @cic101_id, 'Ativo', NOW()),
(@student1_id + 36, @turma8, @academic_year_id, '2024-02-01', 'MAT20240037', 'Nova', @cic101_id, 'Ativo', NOW()),
(@student1_id + 37, @turma8, @academic_year_id, '2024-02-01', 'MAT20240038', 'Nova', @cic101_id, 'Ativo', NOW()),
(@student1_id + 38, @turma8, @academic_year_id, '2024-02-01', 'MAT20240039', 'Nova', @cic101_id, 'Ativo', NOW()),
(@student1_id + 39, @turma8, @academic_year_id, '2024-02-01', 'MAT20240040', 'Nova', @cic101_id, 'Ativo', NOW()),

-- Turma CH-11A (5 alunos)
(@student1_id + 40, @turma9, @academic_year_id, '2024-02-01', 'MAT20240041', 'Nova', @cic111_id, 'Ativo', NOW()),
(@student1_id + 41, @turma9, @academic_year_id, '2024-02-01', 'MAT20240042', 'Nova', @cic111_id, 'Ativo', NOW()),
(@student1_id + 42, @turma9, @academic_year_id, '2024-02-01', 'MAT20240043', 'Nova', @cic111_id, 'Ativo', NOW()),
(@student1_id + 43, @turma9, @academic_year_id, '2024-02-01', 'MAT20240044', 'Nova', @cic111_id, 'Ativo', NOW()),
(@student1_id + 44, @turma9, @academic_year_id, '2024-02-01', 'MAT20240045', 'Nova', @cic111_id, 'Ativo', NOW()),

-- Turma CFB-12A (5 alunos)
(@student1_id + 45, @turma10, @academic_year_id, '2024-02-01', 'MAT20240046', 'Nova', @cic121_id, 'Ativo', NOW()),
(@student1_id + 46, @turma10, @academic_year_id, '2024-02-01', 'MAT20240047', 'Nova', @cic121_id, 'Ativo', NOW()),
(@student1_id + 47, @turma10, @academic_year_id, '2024-02-01', 'MAT20240048', 'Nova', @cic121_id, 'Ativo', NOW()),
(@student1_id + 48, @turma10, @academic_year_id, '2024-02-01', 'MAT20240049', 'Nova', @cic121_id, 'Ativo', NOW()),
(@student1_id + 49, @turma10, @academic_year_id, '2024-02-01', 'MAT20240050', 'Nova', @cic121_id, 'Ativo', NOW());

-- ========================================================
-- 8. ATUALIZAR CONFIGURAĂĂES
-- ========================================================

-- Atualizar ano letivo atual nas configuraĂ§Ă”es
UPDATE `tbl_settings` SET `value` = '2024' WHERE `name` = 'current_academic_year';
UPDATE `tbl_settings` SET `value` = '1Âș Trimestre 2024' WHERE `name` = 'current_semester';

-- ========================================================
-- FIM DO SCRIPT
-- ========================================================
COMMIT;